{
  "v": "4.12.2",
  "fr": 25,
  "ip": 0,
  "op": 25,
  "w": 160,
  "h": 160,
  "nm": "分析账单2",
  "ddd": 0,
  "assets": [
    {
      "id": "comp_1",
      "layers": [
        {
          "ddd": 0,
          "ind": 2,
          "ty": 4,
          "nm": "形状图层 8",
          "sr": 1,
          "ks": {
            "o": {
              "a": 0,
              "k": 100,
              "ix": 11
            },
            "r": {
              "a": 0,
              "k": 0,
              "ix": 10
            },
            "p": {
              "a": 0,
              "k": [
                5,
                7.5,
                0
              ],
              "ix": 2
            },
            "a": {
              "a": 0,
              "k": [
                -293.122,
                52.742,
                0
              ],
              "ix": 1
            },
            "s": {
              "a": 0,
              "k": [
                113.53,
                113.53,
                100
              ],
              "ix": 6
            }
          },
          "ao": 0,
          "ef": [
            {
              "ty": 21,
              "nm": "填充",
              "np": 9,
              "mn": "ADBE Fill",
              "ix": 1,
              "en": 1,
              "ef": [
                {
                  "ty": 10,
                  "nm": "填充蒙版",
                  "mn": "ADBE Fill-0001",
                  "ix": 1,
                  "v": {
                    "a": 0,
                    "k": 0,
                    "ix": 1
                  }
                },
                {
                  "ty": 7,
                  "nm": "所有蒙版",
                  "mn": "ADBE Fill-0007",
                  "ix": 2,
                  "v": {
                    "a": 0,
                    "k": 0,
                    "ix": 2
                  }
                },
                {
                  "ty": 2,
                  "nm": "颜色",
                  "mn": "ADBE Fill-0002",
                  "ix": 3,
                  "v": {
                    "a": 0,
                    "k": [
                      0.250980407,
                      0.501960813999,
                      0.909803926945,
                      1
                    ],
                    "ix": 3
                  }
                },
                {
                  "ty": 7,
                  "nm": "反转",
                  "mn": "ADBE Fill-0006",
                  "ix": 4,
                  "v": {
                    "a": 0,
                    "k": 0,
                    "ix": 4
                  }
                },
                {
                  "ty": 0,
                  "nm": "水平羽化",
                  "mn": "ADBE Fill-0003",
                  "ix": 5,
                  "v": {
                    "a": 0,
                    "k": 0,
                    "ix": 5
                  }
                },
                {
                  "ty": 0,
                  "nm": "垂直羽化",
                  "mn": "ADBE Fill-0004",
                  "ix": 6,
                  "v": {
                    "a": 0,
                    "k": 0,
                    "ix": 6
                  }
                },
                {
                  "ty": 0,
                  "nm": "不透明度",
                  "mn": "ADBE Fill-0005",
                  "ix": 7,
                  "v": {
                    "a": 0,
                    "k": 1,
                    "ix": 7
                  }
                }
              ]
            }
          ],
          "shapes": [
            {
              "ty": "gr",
              "it": [
                {
                  "d": 1,
                  "ty": "el",
                  "s": {
                    "a": 0,
                    "k": [
                      132.445,
                      132.445
                    ],
                    "ix": 2
                  },
                  "p": {
                    "a": 0,
                    "k": [
                      0,
                      0
                    ],
                    "ix": 3
                  },
                  "nm": "椭圆路径 1",
                  "mn": "ADBE Vector Shape - Ellipse",
                  "hd": false
                },
                {
                  "ty": "st",
                  "c": {
                    "a": 0,
                    "k": [
                      0.250980392157,
                      0.501960784314,
                      0.909803921569,
                      1
                    ],
                    "ix": 3
                  },
                  "o": {
                    "a": 0,
                    "k": 100,
                    "ix": 4
                  },
                  "w": {
                    "a": 0,
                    "k": 1,
                    "ix": 5
                  },
                  "lc": 1,
                  "lj": 1,
                  "ml": 4,
                  "nm": "描边 1",
                  "mn": "ADBE Vector Graphic - Stroke",
                  "hd": false
                },
                {
                  "ty": "tr",
                  "p": {
                    "a": 0,
                    "k": [
                      -227.336,
                      117.332
                    ],
                    "ix": 2
                  },
                  "a": {
                    "a": 0,
                    "k": [
                      0,
                      0
                    ],
                    "ix": 1
                  },
                  "s": {
                    "a": 0,
                    "k": [
                      100,
                      100
                    ],
                    "ix": 3
                  },
                  "r": {
                    "a": 0,
                    "k": 0,
                    "ix": 6
                  },
                  "o": {
                    "a": 0,
                    "k": 100,
                    "ix": 7
                  },
                  "sk": {
                    "a": 0,
                    "k": 0,
                    "ix": 4
                  },
                  "sa": {
                    "a": 0,
                    "k": 0,
                    "ix": 5
                  },
                  "nm": "变换"
                }
              ],
              "nm": "椭圆 1",
              "np": 3,
              "cix": 2,
              "ix": 1,
              "mn": "ADBE Vector Group",
              "hd": false
            }
          ],
          "ip": 0,
          "op": 25,
          "st": 0,
          "bm": 0
        },
        {
          "ddd": 0,
          "ind": 3,
          "ty": 4,
          "nm": "形状图层 17",
          "sr": 1,
          "ks": {
            "o": {
              "a": 0,
              "k": 100,
              "ix": 11
            },
            "r": {
              "a": 1,
              "k": [
                {
                  "i": {
                    "x": [
                      0.833
                    ],
                    "y": [
                      0.833
                    ]
                  },
                  "o": {
                    "x": [
                      0.167
                    ],
                    "y": [
                      0.167
                    ]
                  },
                  "n": [
                    "0p833_0p833_0p167_0p167"
                  ],
                  "t": 0,
                  "s": [
                    0
                  ],
                  "e": [
                    360
                  ]
                },
                {
                  "t": 24
                }
              ],
              "ix": 10
            },
            "p": {
              "a": 0,
              "k": [
                80,
                82,
                0
              ],
              "ix": 2
            },
            "a": {
              "a": 0,
              "k": [
                84,
                0.5,
                0
              ],
              "ix": 1
            },
            "s": {
              "a": 0,
              "k": [
                98.63,
                98.63,
                100
              ],
              "ix": 6
            }
          },
          "ao": 0,
          "hasMask": true,
          "masksProperties": [
            {
              "inv": false,
              "mode": "a",
              "pt": {
                "a": 0,
                "k": {
                  "i": [
                    [
                      0,
                      0
                    ],
                    [
                      0,
                      0
                    ],
                    [
                      0,
                      0
                    ],
                    [
                      0,
                      0
                    ]
                  ],
                  "o": [
                    [
                      0,
                      0
                    ],
                    [
                      0,
                      0
                    ],
                    [
                      0,
                      0
                    ],
                    [
                      0,
                      0
                    ]
                  ],
                  "v": [
                    [
                      111.332,
                      -32.677
                    ],
                    [
                      84.64,
                      0
                    ],
                    [
                      133.113,
                      4.92
                    ],
                    [
                      150.304,
                      -34.18
                    ]
                  ],
                  "c": true
                },
                "ix": 1
              },
              "o": {
                "a": 0,
                "k": 100,
                "ix": 3
              },
              "x": {
                "a": 0,
                "k": 0,
                "ix": 4
              },
              "nm": "蒙版 1"
            }
          ],
          "shapes": [
            {
              "ty": "gr",
              "it": [
                {
                  "d": 1,
                  "ty": "el",
                  "s": {
                    "a": 0,
                    "k": [
                      78.211,
                      78.211
                    ],
                    "ix": 2
                  },
                  "p": {
                    "a": 0,
                    "k": [
                      0,
                      0
                    ],
                    "ix": 3
                  },
                  "nm": "椭圆路径 1",
                  "mn": "ADBE Vector Shape - Ellipse",
                  "hd": false
                },
                {
                  "ty": "gf",
                  "o": {
                    "a": 0,
                    "k": 100,
                    "ix": 10
                  },
                  "r": 1,
                  "g": {
                    "p": 3,
                    "k": {
                      "a": 0,
                      "k": [
                        0,
                        1,
                        0.737,
                        0.192,
                        0.5,
                        1,
                        0.869,
                        0.596,
                        1,
                        1,
                        1,
                        1,
                        0,
                        0.66,
                        0.5,
                        0.33,
                        1,
                        0
                      ],
                      "ix": 9
                    }
                  },
                  "s": {
                    "a": 0,
                    "k": [
                      0,
                      0
                    ],
                    "ix": 5
                  },
                  "e": {
                    "a": 0,
                    "k": [
                      100,
                      0
                    ],
                    "ix": 6
                  },
                  "t": 1,
                  "nm": "渐变填充 1",
                  "mn": "ADBE Vector Graphic - G-Fill",
                  "hd": false
                },
                {
                  "ty": "tr",
                  "p": {
                    "a": 0,
                    "k": [
                      83.887,
                      0.35
                    ],
                    "ix": 2
                  },
                  "a": {
                    "a": 0,
                    "k": [
                      0,
                      0
                    ],
                    "ix": 1
                  },
                  "s": {
                    "a": 0,
                    "k": [
                      92.939,
                      92.939
                    ],
                    "ix": 3
                  },
                  "r": {
                    "a": 0,
                    "k": 0,
                    "ix": 6
                  },
                  "o": {
                    "a": 0,
                    "k": 100,
                    "ix": 7
                  },
                  "sk": {
                    "a": 0,
                    "k": 0,
                    "ix": 4
                  },
                  "sa": {
                    "a": 0,
                    "k": 0,
                    "ix": 5
                  },
                  "nm": "变换"
                }
              ],
              "nm": "椭圆 1",
              "np": 3,
              "cix": 2,
              "ix": 1,
              "mn": "ADBE Vector Group",
              "hd": false
            }
          ],
          "ip": 0,
          "op": 25,
          "st": 0,
          "bm": 0
        },
        {
          "ddd": 0,
          "ind": 4,
          "ty": 4,
          "nm": "形状图层 15",
          "sr": 1,
          "ks": {
            "o": {
              "a": 0,
              "k": 100,
              "ix": 11
            },
            "r": {
              "a": 1,
              "k": [
                {
                  "i": {
                    "x": [
                      0.833
                    ],
                    "y": [
                      0.833
                    ]
                  },
                  "o": {
                    "x": [
                      0.167
                    ],
                    "y": [
                      0.167
                    ]
                  },
                  "n": [
                    "0p833_0p833_0p167_0p167"
                  ],
                  "t": 0,
                  "s": [
                    360
                  ],
                  "e": [
                    0
                  ]
                },
                {
                  "t": 24
                }
              ],
              "ix": 10
            },
            "p": {
              "a": 0,
              "k": [
                80,
                82,
                0
              ],
              "ix": 2
            },
            "a": {
              "a": 0,
              "k": [
                84,
                0.5,
                0
              ],
              "ix": 1
            },
            "s": {
              "a": 0,
              "k": [
                50.677,
                50.677,
                100
              ],
              "ix": 6
            }
          },
          "ao": 0,
          "hasMask": true,
          "masksProperties": [
            {
              "inv": false,
              "mode": "a",
              "pt": {
                "a": 0,
                "k": {
                  "i": [
                    [
                      0,
                      0
                    ],
                    [
                      0,
                      0
                    ],
                    [
                      0,
                      0
                    ],
                    [
                      0,
                      0
                    ]
                  ],
                  "o": [
                    [
                      0,
                      0
                    ],
                    [
                      0,
                      0
                    ],
                    [
                      0,
                      0
                    ],
                    [
                      0,
                      0
                    ]
                  ],
                  "v": [
                    [
                      138.464,
                      0.375
                    ],
                    [
                      84.64,
                      0
                    ],
                    [
                      85.015,
                      63.871
                    ],
                    [
                      138.464,
                      63.496
                    ]
                  ],
                  "c": true
                },
                "ix": 1
              },
              "o": {
                "a": 0,
                "k": 100,
                "ix": 3
              },
              "x": {
                "a": 0,
                "k": 0,
                "ix": 4
              },
              "nm": "蒙版 1"
            },
            {
              "inv": false,
              "mode": "a",
              "pt": {
                "a": 0,
                "k": {
                  "i": [
                    [
                      0,
                      0
                    ],
                    [
                      0,
                      0
                    ],
                    [
                      0,
                      0
                    ],
                    [
                      0,
                      0
                    ]
                  ],
                  "o": [
                    [
                      0,
                      0
                    ],
                    [
                      0,
                      0
                    ],
                    [
                      0,
                      0
                    ],
                    [
                      0,
                      0
                    ]
                  ],
                  "v": [
                    [
                      85.746,
                      -43.123
                    ],
                    [
                      39.115,
                      -43.5
                    ],
                    [
                      39.115,
                      0.266
                    ],
                    [
                      84.869,
                      -0.117
                    ]
                  ],
                  "c": true
                },
                "ix": 1
              },
              "o": {
                "a": 0,
                "k": 100,
                "ix": 3
              },
              "x": {
                "a": 0,
                "k": 0,
                "ix": 4
              },
              "nm": "蒙版 2"
            }
          ],
          "shapes": [
            {
              "ty": "gr",
              "it": [
                {
                  "d": 1,
                  "ty": "el",
                  "s": {
                    "a": 0,
                    "k": [
                      78.211,
                      78.211
                    ],
                    "ix": 2
                  },
                  "p": {
                    "a": 0,
                    "k": [
                      0,
                      0
                    ],
                    "ix": 3
                  },
                  "nm": "椭圆路径 1",
                  "mn": "ADBE Vector Shape - Ellipse",
                  "hd": false
                },
                {
                  "ty": "gs",
                  "o": {
                    "a": 0,
                    "k": 100,
                    "ix": 9
                  },
                  "w": {
                    "a": 0,
                    "k": 10,
                    "ix": 10
                  },
                  "g": {
                    "p": 3,
                    "k": {
                      "a": 0,
                      "k": [
                        0,
                        0.098,
                        0.404,
                        0.933,
                        0.5,
                        0.549,
                        0.702,
                        0.967,
                        1,
                        1,
                        1,
                        1
                      ],
                      "ix": 8
                    }
                  },
                  "s": {
                    "a": 0,
                    "k": [
                      0,
                      0
                    ],
                    "ix": 4
                  },
                  "e": {
                    "a": 0,
                    "k": [
                      100,
                      0
                    ],
                    "ix": 5
                  },
                  "t": 1,
                  "lc": 1,
                  "lj": 1,
                  "ml": 4,
                  "nm": "渐变描边 1",
                  "mn": "ADBE Vector Graphic - G-Stroke",
                  "hd": false
                },
                {
                  "ty": "tr",
                  "p": {
                    "a": 0,
                    "k": [
                      83.887,
                      0.35
                    ],
                    "ix": 2
                  },
                  "a": {
                    "a": 0,
                    "k": [
                      0,
                      0
                    ],
                    "ix": 1
                  },
                  "s": {
                    "a": 0,
                    "k": [
                      92.939,
                      92.939
                    ],
                    "ix": 3
                  },
                  "r": {
                    "a": 0,
                    "k": 0,
                    "ix": 6
                  },
                  "o": {
                    "a": 0,
                    "k": 100,
                    "ix": 7
                  },
                  "sk": {
                    "a": 0,
                    "k": 0,
                    "ix": 4
                  },
                  "sa": {
                    "a": 0,
                    "k": 0,
                    "ix": 5
                  },
                  "nm": "变换"
                }
              ],
              "nm": "椭圆 1",
              "np": 3,
              "cix": 2,
              "ix": 1,
              "mn": "ADBE Vector Group",
              "hd": false
            }
          ],
          "ip": 0,
          "op": 25,
          "st": 0,
          "bm": 0
        },
        {
          "ddd": 0,
          "ind": 5,
          "ty": 4,
          "nm": "形状图层 14",
          "sr": 1,
          "ks": {
            "o": {
              "a": 0,
              "k": 100,
              "ix": 11
            },
            "r": {
              "a": 1,
              "k": [
                {
                  "i": {
                    "x": [
                      0.833
                    ],
                    "y": [
                      0.833
                    ]
                  },
                  "o": {
                    "x": [
                      0.167
                    ],
                    "y": [
                      0.167
                    ]
                  },
                  "n": [
                    "0p833_0p833_0p167_0p167"
                  ],
                  "t": 0,
                  "s": [
                    0
                  ],
                  "e": [
                    360
                  ]
                },
                {
                  "t": 24
                }
              ],
              "ix": 10
            },
            "p": {
              "a": 0,
              "k": [
                80,
                82,
                0
              ],
              "ix": 2
            },
            "a": {
              "a": 0,
              "k": [
                84,
                0.5,
                0
              ],
              "ix": 1
            },
            "s": {
              "a": 0,
              "k": [
                100,
                100,
                100
              ],
              "ix": 6
            }
          },
          "ao": 0,
          "hasMask": true,
          "masksProperties": [
            {
              "inv": false,
              "mode": "a",
              "pt": {
                "a": 0,
                "k": {
                  "i": [
                    [
                      0,
                      0
                    ],
                    [
                      0,
                      0
                    ],
                    [
                      0,
                      0
                    ],
                    [
                      0,
                      0
                    ]
                  ],
                  "o": [
                    [
                      0,
                      0
                    ],
                    [
                      0,
                      0
                    ],
                    [
                      0,
                      0
                    ],
                    [
                      0,
                      0
                    ]
                  ],
                  "v": [
                    [
                      84.199,
                      0.375
                    ],
                    [
                      30.375,
                      0
                    ],
                    [
                      30.75,
                      63.871
                    ],
                    [
                      84.199,
                      63.496
                    ]
                  ],
                  "c": true
                },
                "ix": 1
              },
              "o": {
                "a": 0,
                "k": 100,
                "ix": 3
              },
              "x": {
                "a": 0,
                "k": 0,
                "ix": 4
              },
              "nm": "蒙版 1"
            },
            {
              "inv": false,
              "mode": "a",
              "pt": {
                "a": 0,
                "k": {
                  "i": [
                    [
                      0,
                      0
                    ],
                    [
                      0,
                      0
                    ],
                    [
                      0,
                      0
                    ],
                    [
                      0,
                      0
                    ]
                  ],
                  "o": [
                    [
                      0,
                      0
                    ],
                    [
                      0,
                      0
                    ],
                    [
                      0,
                      0
                    ],
                    [
                      0,
                      0
                    ]
                  ],
                  "v": [
                    [
                      131.131,
                      -43.123
                    ],
                    [
                      84.5,
                      -43.5
                    ],
                    [
                      84.5,
                      0.266
                    ],
                    [
                      130.254,
                      -0.117
                    ]
                  ],
                  "c": true
                },
                "ix": 1
              },
              "o": {
                "a": 0,
                "k": 100,
                "ix": 3
              },
              "x": {
                "a": 0,
                "k": 0,
                "ix": 4
              },
              "nm": "蒙版 2"
            }
          ],
          "shapes": [
            {
              "ty": "gr",
              "it": [
                {
                  "d": 1,
                  "ty": "el",
                  "s": {
                    "a": 0,
                    "k": [
                      78.211,
                      78.211
                    ],
                    "ix": 2
                  },
                  "p": {
                    "a": 0,
                    "k": [
                      0,
                      0
                    ],
                    "ix": 3
                  },
                  "nm": "椭圆路径 1",
                  "mn": "ADBE Vector Shape - Ellipse",
                  "hd": false
                },
                {
                  "ty": "gs",
                  "o": {
                    "a": 0,
                    "k": 100,
                    "ix": 9
                  },
                  "w": {
                    "a": 0,
                    "k": 6,
                    "ix": 10
                  },
                  "g": {
                    "p": 3,
                    "k": {
                      "a": 0,
                      "k": [
                        0,
                        0.098,
                        0.404,
                        0.933,
                        0.5,
                        0.549,
                        0.702,
                        0.967,
                        1,
                        1,
                        1,
                        1
                      ],
                      "ix": 8
                    }
                  },
                  "s": {
                    "a": 0,
                    "k": [
                      0,
                      0
                    ],
                    "ix": 4
                  },
                  "e": {
                    "a": 0,
                    "k": [
                      100,
                      0
                    ],
                    "ix": 5
                  },
                  "t": 1,
                  "lc": 1,
                  "lj": 1,
                  "ml": 4,
                  "nm": "渐变描边 1",
                  "mn": "ADBE Vector Graphic - G-Stroke",
                  "hd": false
                },
                {
                  "ty": "tr",
                  "p": {
                    "a": 0,
                    "k": [
                      83.887,
                      0.35
                    ],
                    "ix": 2
                  },
                  "a": {
                    "a": 0,
                    "k": [
                      0,
                      0
                    ],
                    "ix": 1
                  },
                  "s": {
                    "a": 0,
                    "k": [
                      92.939,
                      92.939
                    ],
                    "ix": 3
                  },
                  "r": {
                    "a": 0,
                    "k": 0,
                    "ix": 6
                  },
                  "o": {
                    "a": 0,
                    "k": 100,
                    "ix": 7
                  },
                  "sk": {
                    "a": 0,
                    "k": 0,
                    "ix": 4
                  },
                  "sa": {
                    "a": 0,
                    "k": 0,
                    "ix": 5
                  },
                  "nm": "变换"
                }
              ],
              "nm": "椭圆 1",
              "np": 3,
              "cix": 2,
              "ix": 1,
              "mn": "ADBE Vector Group",
              "hd": false
            }
          ],
          "ip": 0,
          "op": 25,
          "st": 0,
          "bm": 0
        },
        {
          "ddd": 0,
          "ind": 6,
          "ty": 4,
          "nm": "形状图层 16",
          "sr": 1,
          "ks": {
            "o": {
              "a": 0,
              "k": 100,
              "ix": 11
            },
            "r": {
              "a": 1,
              "k": [
                {
                  "i": {
                    "x": [
                      0.833
                    ],
                    "y": [
                      0.833
                    ]
                  },
                  "o": {
                    "x": [
                      0.167
                    ],
                    "y": [
                      0.167
                    ]
                  },
                  "n": [
                    "0p833_0p833_0p167_0p167"
                  ],
                  "t": 0,
                  "s": [
                    0
                  ],
                  "e": [
                    360
                  ]
                },
                {
                  "t": 24
                }
              ],
              "ix": 10
            },
            "p": {
              "a": 0,
              "k": [
                80,
                82,
                0
              ],
              "ix": 2
            },
            "a": {
              "a": 0,
              "k": [
                84,
                0.5,
                0
              ],
              "ix": 1
            },
            "s": {
              "a": 0,
              "k": [
                100,
                100,
                100
              ],
              "ix": 6
            }
          },
          "ao": 0,
          "hasMask": true,
          "masksProperties": [
            {
              "inv": false,
              "mode": "a",
              "pt": {
                "a": 0,
                "k": {
                  "i": [
                    [
                      0,
                      0
                    ],
                    [
                      0,
                      0
                    ],
                    [
                      0,
                      0
                    ],
                    [
                      0,
                      0
                    ]
                  ],
                  "o": [
                    [
                      0,
                      0
                    ],
                    [
                      0,
                      0
                    ],
                    [
                      0,
                      0
                    ],
                    [
                      0,
                      0
                    ]
                  ],
                  "v": [
                    [
                      137.449,
                      0.375
                    ],
                    [
                      83.625,
                      0
                    ],
                    [
                      84,
                      63.871
                    ],
                    [
                      137.449,
                      63.496
                    ]
                  ],
                  "c": true
                },
                "ix": 1
              },
              "o": {
                "a": 0,
                "k": 100,
                "ix": 3
              },
              "x": {
                "a": 0,
                "k": 0,
                "ix": 4
              },
              "nm": "蒙版 1"
            },
            {
              "inv": false,
              "mode": "a",
              "pt": {
                "a": 0,
                "k": {
                  "i": [
                    [
                      0,
                      0
                    ],
                    [
                      0,
                      0
                    ],
                    [
                      0,
                      0
                    ],
                    [
                      0,
                      0
                    ]
                  ],
                  "o": [
                    [
                      0,
                      0
                    ],
                    [
                      0,
                      0
                    ],
                    [
                      0,
                      0
                    ],
                    [
                      0,
                      0
                    ]
                  ],
                  "v": [
                    [
                      84.631,
                      -43.123
                    ],
                    [
                      38,
                      -43.5
                    ],
                    [
                      38,
                      0.266
                    ],
                    [
                      83.754,
                      -0.117
                    ]
                  ],
                  "c": true
                },
                "ix": 1
              },
              "o": {
                "a": 0,
                "k": 100,
                "ix": 3
              },
              "x": {
                "a": 0,
                "k": 0,
                "ix": 4
              },
              "nm": "蒙版 2"
            }
          ],
          "shapes": [
            {
              "ty": "gr",
              "it": [
                {
                  "d": 1,
                  "ty": "el",
                  "s": {
                    "a": 0,
                    "k": [
                      78.211,
                      78.211
                    ],
                    "ix": 2
                  },
                  "p": {
                    "a": 0,
                    "k": [
                      0,
                      0
                    ],
                    "ix": 3
                  },
                  "nm": "椭圆路径 1",
                  "mn": "ADBE Vector Shape - Ellipse",
                  "hd": false
                },
                {
                  "ty": "st",
                  "c": {
                    "a": 0,
                    "k": [
                      0.250979988248,
                      0.501960963829,
                      0.909803981407,
                      1
                    ],
                    "ix": 3
                  },
                  "o": {
                    "a": 0,
                    "k": 100,
                    "ix": 4
                  },
                  "w": {
                    "a": 0,
                    "k": 2,
                    "ix": 5
                  },
                  "lc": 1,
                  "lj": 1,
                  "ml": 4,
                  "nm": "描边 1",
                  "mn": "ADBE Vector Graphic - Stroke",
                  "hd": false
                },
                {
                  "ty": "tr",
                  "p": {
                    "a": 0,
                    "k": [
                      83.887,
                      0.35
                    ],
                    "ix": 2
                  },
                  "a": {
                    "a": 0,
                    "k": [
                      0,
                      0
                    ],
                    "ix": 1
                  },
                  "s": {
                    "a": 0,
                    "k": [
                      92.939,
                      92.939
                    ],
                    "ix": 3
                  },
                  "r": {
                    "a": 0,
                    "k": 0,
                    "ix": 6
                  },
                  "o": {
                    "a": 0,
                    "k": 100,
                    "ix": 7
                  },
                  "sk": {
                    "a": 0,
                    "k": 0,
                    "ix": 4
                  },
                  "sa": {
                    "a": 0,
                    "k": 0,
                    "ix": 5
                  },
                  "nm": "变换"
                }
              ],
              "nm": "椭圆 1",
              "np": 3,
              "cix": 2,
              "ix": 1,
              "mn": "ADBE Vector Group",
              "hd": false
            }
          ],
          "ip": 0,
          "op": 25,
          "st": 0,
          "bm": 0
        },
        {
          "ddd": 0,
          "ind": 7,
          "ty": 4,
          "nm": "形状图层 12",
          "sr": 1,
          "ks": {
            "o": {
              "a": 0,
              "k": 100,
              "ix": 11
            },
            "r": {
              "a": 1,
              "k": [
                {
                  "i": {
                    "x": [
                      0.833
                    ],
                    "y": [
                      0.833
                    ]
                  },
                  "o": {
                    "x": [
                      0.167
                    ],
                    "y": [
                      0.167
                    ]
                  },
                  "n": [
                    "0p833_0p833_0p167_0p167"
                  ],
                  "t": 0,
                  "s": [
                    0
                  ],
                  "e": [
                    360
                  ]
                },
                {
                  "t": 24
                }
              ],
              "ix": 10
            },
            "p": {
              "a": 0,
              "k": [
                80,
                82,
                0
              ],
              "ix": 2
            },
            "a": {
              "a": 0,
              "k": [
                84,
                0.5,
                0
              ],
              "ix": 1
            },
            "s": {
              "a": 0,
              "k": [
                100,
                100,
                100
              ],
              "ix": 6
            }
          },
          "ao": 0,
          "hasMask": true,
          "masksProperties": [
            {
              "inv": false,
              "mode": "a",
              "pt": {
                "a": 0,
                "k": {
                  "i": [
                    [
                      0,
                      0
                    ],
                    [
                      0,
                      0
                    ],
                    [
                      0,
                      0
                    ],
                    [
                      0,
                      0
                    ]
                  ],
                  "o": [
                    [
                      0,
                      0
                    ],
                    [
                      0,
                      0
                    ],
                    [
                      0,
                      0
                    ],
                    [
                      0,
                      0
                    ]
                  ],
                  "v": [
                    [
                      84.199,
                      0.375
                    ],
                    [
                      30.375,
                      0
                    ],
                    [
                      30.75,
                      63.871
                    ],
                    [
                      84.199,
                      63.496
                    ]
                  ],
                  "c": true
                },
                "ix": 1
              },
              "o": {
                "a": 0,
                "k": 100,
                "ix": 3
              },
              "x": {
                "a": 0,
                "k": 0,
                "ix": 4
              },
              "nm": "蒙版 1"
            },
            {
              "inv": false,
              "mode": "a",
              "pt": {
                "a": 0,
                "k": {
                  "i": [
                    [
                      0,
                      0
                    ],
                    [
                      0,
                      0
                    ],
                    [
                      0,
                      0
                    ],
                    [
                      0,
                      0
                    ]
                  ],
                  "o": [
                    [
                      0,
                      0
                    ],
                    [
                      0,
                      0
                    ],
                    [
                      0,
                      0
                    ],
                    [
                      0,
                      0
                    ]
                  ],
                  "v": [
                    [
                      131.131,
                      -43.123
                    ],
                    [
                      84.5,
                      -43.5
                    ],
                    [
                      84.5,
                      0.266
                    ],
                    [
                      130.254,
                      -0.117
                    ]
                  ],
                  "c": true
                },
                "ix": 1
              },
              "o": {
                "a": 0,
                "k": 100,
                "ix": 3
              },
              "x": {
                "a": 0,
                "k": 0,
                "ix": 4
              },
              "nm": "蒙版 2"
            }
          ],
          "shapes": [
            {
              "ty": "gr",
              "it": [
                {
                  "d": 1,
                  "ty": "el",
                  "s": {
                    "a": 0,
                    "k": [
                      78.211,
                      78.211
                    ],
                    "ix": 2
                  },
                  "p": {
                    "a": 0,
                    "k": [
                      0,
                      0
                    ],
                    "ix": 3
                  },
                  "nm": "椭圆路径 1",
                  "mn": "ADBE Vector Shape - Ellipse",
                  "hd": false
                },
                {
                  "ty": "gs",
                  "o": {
                    "a": 0,
                    "k": 100,
                    "ix": 9
                  },
                  "w": {
                    "a": 0,
                    "k": 5,
                    "ix": 10
                  },
                  "g": {
                    "p": 3,
                    "k": {
                      "a": 0,
                      "k": [
                        0,
                        0.098,
                        0.404,
                        0.933,
                        0.5,
                        0.549,
                        0.702,
                        0.967,
                        1,
                        1,
                        1,
                        1,
                        0,
                        1,
                        0.5,
                        0.5,
                        1,
                        0
                      ],
                      "ix": 8
                    }
                  },
                  "s": {
                    "a": 0,
                    "k": [
                      0,
                      0
                    ],
                    "ix": 4
                  },
                  "e": {
                    "a": 0,
                    "k": [
                      100,
                      0
                    ],
                    "ix": 5
                  },
                  "t": 1,
                  "lc": 1,
                  "lj": 1,
                  "ml": 4,
                  "nm": "渐变描边 1",
                  "mn": "ADBE Vector Graphic - G-Stroke",
                  "hd": false
                },
                {
                  "ty": "tr",
                  "p": {
                    "a": 0,
                    "k": [
                      83.887,
                      0.35
                    ],
                    "ix": 2
                  },
                  "a": {
                    "a": 0,
                    "k": [
                      0,
                      0
                    ],
                    "ix": 1
                  },
                  "s": {
                    "a": 0,
                    "k": [
                      92.939,
                      92.939
                    ],
                    "ix": 3
                  },
                  "r": {
                    "a": 0,
                    "k": 0,
                    "ix": 6
                  },
                  "o": {
                    "a": 0,
                    "k": 100,
                    "ix": 7
                  },
                  "sk": {
                    "a": 0,
                    "k": 0,
                    "ix": 4
                  },
                  "sa": {
                    "a": 0,
                    "k": 0,
                    "ix": 5
                  },
                  "nm": "变换"
                }
              ],
              "nm": "椭圆 1",
              "np": 3,
              "cix": 2,
              "ix": 1,
              "mn": "ADBE Vector Group",
              "hd": false
            }
          ],
          "ip": 0,
          "op": 25,
          "st": 0,
          "bm": 0
        }
      ]
    }
  ],
  "layers": [
    {
      "ddd": 0,
      "ind": 1,
      "ty": 0,
      "nm": "3zhangdan",
      "refId": "comp_1",
      "sr": 1,
      "ks": {
        "o": {
          "a": 0,
          "k": 100,
          "ix": 11
        },
        "r": {
          "a": 0,
          "k": 0,
          "ix": 10
        },
        "p": {
          "a": 0,
          "k": [
            80,
            80,
            0
          ],
          "ix": 2
        },
        "a": {
          "a": 0,
          "k": [
            80,
            80,
            0
          ],
          "ix": 1
        },
        "s": {
          "a": 0,
          "k": [
            100,
            100,
            100
          ],
          "ix": 6
        }
      },
      "ao": 0,
      "w": 160,
      "h": 160,
      "ip": 0,
      "op": 25,
      "st": 0,
      "bm": 0
    }
  ]
}