{
  "v": "4.12.2",
  "fr": 25,
  "ip": 0,
  "op": 67,
  "w": 100,
  "h": 100,
  "nm": "预合成 10",
  "ddd": 0,
  "assets": [
    {
      "id": "comp_6",
      "layers": [
        {
          "ddd": 0,
          "ind": 1,
          "ty": 0,
          "nm": "旋转体",
          "refId": "comp_7",
          "sr": 1,
          "ks": {
            "o": {
              "a": 0,
              "k": 100,
              "ix": 11
            },
            "r": {
              "a": 1,
              "k": [
                {
                  "i": {
                    "x": [
                      0.628
                    ],
                    "y": [
                      0.791
                    ]
                  },
                  "o": {
                    "x": [
                      0.778
                    ],
                    "y": [
                      0.368
                    ]
                  },
                  "n": [
                    "0p628_0p791_0p778_0p368"
                  ],
                  "t": 0,
                  "s": [
                    0
                  ],
                  "e": [
                    360
                  ]
                },
                {
                  "t": 49.0073406740073
                }
              ],
              "ix": 10
            },
            "p": {
              "a": 0,
              "k": [
                32,
                32,
                0
              ],
              "ix": 2
            },
            "a": {
              "a": 0,
              "k": [
                32,
                32,
                0
              ],
              "ix": 1
            },
            "s": {
              "a": 0,
              "k": [
                100,
                100,
                100
              ],
              "ix": 6
            }
          },
          "ao": 0,
          "w": 64,
          "h": 64,
          "ip": 0,
          "op": 50.0500500500501,
          "st": 0,
          "bm": 0
        }
      ]
    },
    {
      "id": "comp_7",
      "layers": [
        {
          "ddd": 0,
          "ind": 1,
          "ty": 0,
          "nm": "dott",
          "refId": "comp_8",
          "sr": 1,
          "ks": {
            "o": {
              "a": 0,
              "k": 100,
              "ix": 11
            },
            "r": {
              "a": 0,
              "k": 360,
              "ix": 10
            },
            "p": {
              "a": 0,
              "k": [
                6,
                32,
                0
              ],
              "ix": 2
            },
            "a": {
              "a": 0,
              "k": [
                6,
                6,
                0
              ],
              "ix": 1
            },
            "s": {
              "a": 0,
              "k": [
                50,
                50,
                100
              ],
              "ix": 6
            }
          },
          "ao": 0,
          "w": 12,
          "h": 12,
          "ip": 0,
          "op": 50.0500500500501,
          "st": 0,
          "bm": 0
        }
      ]
    },
    {
      "id": "comp_8",
      "layers": [
        {
          "ddd": 0,
          "ind": 1,
          "ty": 4,
          "nm": "形状图层 1",
          "sr": 1,
          "ks": {
            "o": {
              "a": 0,
              "k": 100,
              "ix": 11
            },
            "r": {
              "a": 0,
              "k": 0,
              "ix": 10
            },
            "p": {
              "a": 0,
              "k": [
                5.188,
                4.156,
                0
              ],
              "ix": 2
            },
            "a": {
              "a": 0,
              "k": [
                0,
                0,
                0
              ],
              "ix": 1
            },
            "s": {
              "a": 0,
              "k": [
                123.738,
                123.738,
                100
              ],
              "ix": 6
            }
          },
          "ao": 0,
          "shapes": [
            {
              "ty": "gr",
              "it": [
                {
                  "d": 1,
                  "ty": "el",
                  "s": {
                    "a": 0,
                    "k": [
                      9.531,
                      9.531
                    ],
                    "ix": 2
                  },
                  "p": {
                    "a": 0,
                    "k": [
                      0,
                      0
                    ],
                    "ix": 3
                  },
                  "nm": "椭圆路径 1",
                  "mn": "ADBE Vector Shape - Ellipse",
                  "hd": false
                },
                {
                  "ty": "st",
                  "c": {
                    "a": 0,
                    "k": [
                      1,
                      1,
                      1,
                      1
                    ],
                    "ix": 3
                  },
                  "o": {
                    "a": 0,
                    "k": 100,
                    "ix": 4
                  },
                  "w": {
                    "a": 0,
                    "k": 0,
                    "ix": 5
                  },
                  "lc": 1,
                  "lj": 1,
                  "ml": 4,
                  "nm": "描边 1",
                  "mn": "ADBE Vector Graphic - Stroke",
                  "hd": false
                },
                {
                  "ty": "fl",
                  "c": {
                    "a": 0,
                    "k": [
                      0.250980392157,
                      0.501960784314,
                      0.909803921569,
                      1
                    ],
                    "ix": 4
                  },
                  "o": {
                    "a": 0,
                    "k": 100,
                    "ix": 5
                  },
                  "r": 1,
                  "nm": "填充 1",
                  "mn": "ADBE Vector Graphic - Fill",
                  "hd": false
                },
                {
                  "ty": "tr",
                  "p": {
                    "a": 0,
                    "k": [
                      0.672,
                      1.484
                    ],
                    "ix": 2
                  },
                  "a": {
                    "a": 0,
                    "k": [
                      0,
                      0
                    ],
                    "ix": 1
                  },
                  "s": {
                    "a": 0,
                    "k": [
                      100,
                      100
                    ],
                    "ix": 3
                  },
                  "r": {
                    "a": 0,
                    "k": 0,
                    "ix": 6
                  },
                  "o": {
                    "a": 0,
                    "k": 100,
                    "ix": 7
                  },
                  "sk": {
                    "a": 0,
                    "k": 0,
                    "ix": 4
                  },
                  "sa": {
                    "a": 0,
                    "k": 0,
                    "ix": 5
                  },
                  "nm": "变换"
                }
              ],
              "nm": "椭圆 1",
              "np": 3,
              "cix": 2,
              "ix": 1,
              "mn": "ADBE Vector Group",
              "hd": false
            }
          ],
          "ip": 0,
          "op": 144.936603269937,
          "st": 0,
          "bm": 0
        }
      ]
    }
  ],
  "layers": [
    {
      "ddd": 0,
      "ind": 1,
      "ty": 0,
      "nm": "旋转杯",
      "refId": "comp_6",
      "sr": 1,
      "ks": {
        "o": {
          "a": 1,
          "k": [
            {
              "i": {
                "x": [
                  0.833
                ],
                "y": [
                  0.833
                ]
              },
              "o": {
                "x": [
                  0.167
                ],
                "y": [
                  0.167
                ]
              },
              "n": [
                "0p833_0p833_0p167_0p167"
              ],
              "t": 25,
              "s": [
                100
              ],
              "e": [
                0
              ]
            },
            {
              "t": 50
            }
          ],
          "ix": 11
        },
        "r": {
          "a": 0,
          "k": 0,
          "ix": 10
        },
        "p": {
          "a": 0,
          "k": [
            49.5,
            49.667,
            0
          ],
          "ix": 2
        },
        "a": {
          "a": 0,
          "k": [
            32,
            32,
            0
          ],
          "ix": 1
        },
        "s": {
          "a": 0,
          "k": [
            157.813,
            157.813,
            100
          ],
          "ix": 6
        }
      },
      "ao": 0,
      "w": 64,
      "h": 64,
      "ip": 0,
      "op": 50.0500500500501,
      "st": 0,
      "bm": 0
    },
    {
      "ddd": 0,
      "ind": 2,
      "ty": 0,
      "nm": "旋转杯",
      "refId": "comp_6",
      "sr": 1,
      "ks": {
        "o": {
          "a": 1,
          "k": [
            {
              "i": {
                "x": [
                  0.833
                ],
                "y": [
                  0.833
                ]
              },
              "o": {
                "x": [
                  0.167
                ],
                "y": [
                  0.167
                ]
              },
              "n": [
                "0p833_0p833_0p167_0p167"
              ],
              "t": 29,
              "s": [
                100
              ],
              "e": [
                0
              ]
            },
            {
              "t": 53.9999390666708
            }
          ],
          "ix": 11
        },
        "r": {
          "a": 0,
          "k": 0,
          "ix": 10
        },
        "p": {
          "a": 0,
          "k": [
            49.5,
            49.667,
            0
          ],
          "ix": 2
        },
        "a": {
          "a": 0,
          "k": [
            32,
            32,
            0
          ],
          "ix": 1
        },
        "s": {
          "a": 0,
          "k": [
            157.813,
            157.813,
            100
          ],
          "ix": 6
        }
      },
      "ao": 0,
      "w": 64,
      "h": 64,
      "ip": 4.17083750417084,
      "op": 54.2208875542209,
      "st": 4.17083750417084,
      "bm": 0
    },
    {
      "ddd": 0,
      "ind": 3,
      "ty": 0,
      "nm": "旋转杯",
      "refId": "comp_6",
      "sr": 1,
      "ks": {
        "o": {
          "a": 1,
          "k": [
            {
              "i": {
                "x": [
                  0.833
                ],
                "y": [
                  0.833
                ]
              },
              "o": {
                "x": [
                  0.167
                ],
                "y": [
                  0.167
                ]
              },
              "n": [
                "0p833_0p833_0p167_0p167"
              ],
              "t": 34,
              "s": [
                100
              ],
              "e": [
                0
              ]
            },
            {
              "t": 57.9998781333417
            }
          ],
          "ix": 11
        },
        "r": {
          "a": 0,
          "k": 0,
          "ix": 10
        },
        "p": {
          "a": 0,
          "k": [
            49.5,
            49.667,
            0
          ],
          "ix": 2
        },
        "a": {
          "a": 0,
          "k": [
            32,
            32,
            0
          ],
          "ix": 1
        },
        "s": {
          "a": 0,
          "k": [
            157.813,
            157.813,
            100
          ],
          "ix": 6
        }
      },
      "ao": 0,
      "w": 64,
      "h": 64,
      "ip": 8.34167500834167,
      "op": 58.3917250583917,
      "st": 8.34167500834167,
      "bm": 0
    },
    {
      "ddd": 0,
      "ind": 4,
      "ty": 0,
      "nm": "旋转杯",
      "refId": "comp_6",
      "sr": 1,
      "ks": {
        "o": {
          "a": 1,
          "k": [
            {
              "i": {
                "x": [
                  0.833
                ],
                "y": [
                  0.833
                ]
              },
              "o": {
                "x": [
                  0.167
                ],
                "y": [
                  0.167
                ]
              },
              "n": [
                "0p833_0p833_0p167_0p167"
              ],
              "t": 39,
              "s": [
                100
              ],
              "e": [
                4
              ]
            },
            {
              "t": 61.9998172000125
            }
          ],
          "ix": 11
        },
        "r": {
          "a": 0,
          "k": 0,
          "ix": 10
        },
        "p": {
          "a": 0,
          "k": [
            49.5,
            49.667,
            0
          ],
          "ix": 2
        },
        "a": {
          "a": 0,
          "k": [
            32,
            32,
            0
          ],
          "ix": 1
        },
        "s": {
          "a": 0,
          "k": [
            157.813,
            157.813,
            100
          ],
          "ix": 6
        }
      },
      "ao": 0,
      "w": 64,
      "h": 64,
      "ip": 12.5125125125125,
      "op": 62.5625625625626,
      "st": 12.5125125125125,
      "bm": 0
    },
    {
      "ddd": 0,
      "ind": 5,
      "ty": 0,
      "nm": "旋转杯",
      "refId": "comp_6",
      "sr": 1,
      "ks": {
        "o": {
          "a": 1,
          "k": [
            {
              "i": {
                "x": [
                  0.833
                ],
                "y": [
                  0.833
                ]
              },
              "o": {
                "x": [
                  0.167
                ],
                "y": [
                  0.167
                ]
              },
              "n": [
                "0p833_0p833_0p167_0p167"
              ],
              "t": 44,
              "s": [
                100
              ],
              "e": [
                1
              ]
            },
            {
              "t": 65.9997562666833
            }
          ],
          "ix": 11
        },
        "r": {
          "a": 0,
          "k": 0,
          "ix": 10
        },
        "p": {
          "a": 0,
          "k": [
            49.5,
            49.667,
            0
          ],
          "ix": 2
        },
        "a": {
          "a": 0,
          "k": [
            32,
            32,
            0
          ],
          "ix": 1
        },
        "s": {
          "a": 0,
          "k": [
            157.813,
            157.813,
            100
          ],
          "ix": 6
        }
      },
      "ao": 0,
      "w": 64,
      "h": 64,
      "ip": 16.6833500166833,
      "op": 66.7334000667334,
      "st": 16.6833500166833,
      "bm": 0
    }
  ]
}